{
    "version": 2,
    "settings": {
      "color": {
        "palette": [
          {
            "name": "Theme Color 1",
            "slug": "theme-global-color-0",
            "color": "var(--theme-global-color-0)"
          },
          {
            "name": "Theme Color 2",
            "slug": "theme-global-color-1",
            "color": "var(--theme-global-color-1)"
          },
          {
            "name": "Theme Color 3",
            "slug": "theme-global-color-2",
            "color": "var(--theme-global-color-2)"
          },
          {
            "name": "Theme Color 4",
            "slug": "theme-global-color-3",
            "color": "var(--theme-global-color-3)"
          },
          {
            "name": "Theme Color 5",
            "slug": "theme-global-color-4",
            "color": "var(--theme-global-color-4)"
          },
          {
            "name": "Theme Color 6",
            "slug": "theme-global-color-5",
            "color": "var(--theme-global-color-5)"
          },
          {
            "name": "Theme Color 7",
            "slug": "theme-global-color-6",
            "color": "var(--theme-global-color-6)"
          },
          {
            "name": "Theme Color 8",
            "slug": "theme-global-color-7",
            "color": "var(--theme-global-color-7)"
          }
        ]
      },
      "appearanceTools": true,
      "spacing": {
        "blockGap": true,
        "margin": true,
        "padding": true,
        "units": ["%","px","em","rem","vh","vw"]
        },
      "typography": {
        "customFontSize": true,
        "customLineHeight": true,
        "dropCap": true,
        "fontSizes": [
          {
            "size": "12px",
            "name": "Small",
            "slug": "small"
          },
          {
            "size": "18px",
            "name": "Medium",
            "slug": "medium"
          },
          {
            "size": "14px",
            "name": "Large",
            "slug": "large"
          },
          {
            "size": "32px",
            "name": "Extra Large",
            "slug": "x-large"
          }
        ]
      },
      "layout": {
        "contentSize": "var(--wp--custom--theme-content-width)",
        "wideSize": "var(--wp--custom--theme-width)",
        "fullSize": "none"
      }
    },
    "styles": {
      "elements": {
        "link": {
            "typography": {
              "textDecoration": "none"
            }
        }
      }
    }
}
  